hunter,tick,x,y,mode
10, 0, 99.98841292357649, 99.98841292357649, 'SEARCH'
10, 1, 99.98841292357649, 99.98841292357649, 'SEARCH'
10, 2, 99.98841292357649, 99.98841292357649, 'SEARCH'
10, 3, 99.98841292357649, 99.98841292357649, 'SEARCH'
10, 4, 99.98841292357649, 99.98841292357649, 'SEARCH'
10, 5, 99.98841292357649, 99.98841292357649, 'SEARCH'
10, 6, 99.98841292357649, 99.98841292357649, 'SEARCH'
10, 7, 99.98841292357649, 99.98841292357649, 'SEARCH'
10, 8, 99.98841292357649, 99.98841292357649, 'SEARCH'
10, 9, 99.98841292357649, 99.98841292357649, 'SEARCH'
10, 10, 99.98841292357649, 99.98841292357649, 'SEARCH'
10, 11, 99.98841292357649, 99.98841292357649, 'SEARCH'
10, 12, 99.98841292357649, 99.98841292357649, 'SEARCH'
10, 13, 99.98841292357649, 99.98841292357649, 'SEARCH'
10, 14, 99.98841292357649, 99.98841292357649, 'SEARCH'
10, 15, 99.98841292357649, 99.98841292357649, 'SEARCH'
10, 16, 99.98841292357649, 99.98841292357649, 'SEARCH'
10, 17, 99.98841292357649, 99.98841292357649, 'SEARCH'
10, 18, 99.98841292357649, 99.98841292357649, 'SEARCH'
10, 19, 99.98841292357649, 99.98841292357649, 'SEARCH'
10, 20, 99.98841292357649, 99.98841292357649, 'SEARCH'
10, 21, 99.98841292357649, 99.98841292357649, 'SEARCH'
10, 22, 99.98841292357649, 99.98841292357649, 'SEARCH'
10, 23, 99.98841292357649, 99.98841292357649, 'SEARCH'
10, 24, 99.98841292357649, 99.98841292357649, 'SEARCH'
10, 25, 99.98841292357649, 99.98841292357649, 'SEARCH'
10, 26, 99.98841292357649, 99.98841292357649, 'SEARCH'
10, 27, 99.98841292357649, 99.98841292357649, 'SEARCH'
10, 28, 99.98841292357649, 99.98841292357649, 'SEARCH'
10, 29, 99.98841292357649, 99.98841292357649, 'SEARCH'
10, 30, 99.98841292357649, 99.98841292357649, 'SEARCH'
10, 31, 99.98841292357649, 99.98841292357649, 'SEARCH'
10, 32, 99.98841292357649, 99.98841292357649, 'SEARCH'
10, 33, 99.98841292357649, 99.98841292357649, 'SEARCH'
10, 34, 99.98841292357649, 99.98841292357649, 'SEARCH'
10, 35, 99.98841292357649, 99.98841292357649, 'SEARCH'
10, 36, 99.98841292357649, 99.98841292357649, 'SEARCH'
10, 37, 99.98841292357649, 99.98841292357649, 'SEARCH'
10, 38, 99.98841292357649, 99.98841292357649, 'SEARCH'
10, 39, 99.98841292357649, 99.98841292357649, 'SEARCH'
10, 40, 99.98841292357649, 99.98841292357649, 'SEARCH'
10, 41, 99.98841292357649, 99.98841292357649, 'SEARCH'
10, 42, 99.98841292357649, 99.98841292357649, 'SEARCH'
10, 43, 99.98841292357649, 99.98841292357649, 'SEARCH'
10, 44, 99.98841292357649, 99.98841292357649, 'SEARCH'
10, 45, 99.98841292357649, 99.98841292357649, 'SEARCH'
10, 46, 99.98841292357649, 99.98841292357649, 'SEARCH'
10, 47, 99.98841292357649, 99.98841292357649, 'SEARCH'
10, 48, 99.98841292357649, 99.98841292357649, 'SEARCH'
10, 49, 99.98841292357649, 99.98841292357649, 'SEARCH'
10, 50, 99.98841292357649, 99.98841292357649, 'SEARCH'
10, 51, 99.98841292357649, 99.98841292357649, 'SEARCH'
10, 52, 99.98841292357649, 99.98841292357649, 'SEARCH'
10, 53, 99.98841292357649, 99.98841292357649, 'SEARCH'
10, 54, 99.98841292357649, 99.98841292357649, 'SEARCH'
10, 55, 99.98841292357649, 99.98841292357649, 'SEARCH'
10, 56, 99.98841292357649, 99.98841292357649, 'SEARCH'
10, 57, 99.98841292357649, 99.98841292357649, 'SEARCH'
10, 58, 99.98841292357649, 99.98841292357649, 'SEARCH'
10, 59, 99.98841292357649, 99.98841292357649, 'SEARCH'
10, 60, 99.98841292357649, 99.98841292357649, 'SEARCH'
10, 61, 99.98841292357649, 99.98841292357649, 'SEARCH'
10, 62, 99.98841292357649, 99.98841292357649, 'SEARCH'
10, 63, 99.98841292357649, 99.98841292357649, 'SEARCH'
10, 64, 99.98841292357649, 99.98841292357649, 'SEARCH'
10, 65, 99.98841292357649, 99.98841292357649, 'SEARCH'
10, 66, 99.98841292357649, 99.98841292357649, 'SEARCH'
10, 67, 99.98841292357649, 99.98841292357649, 'SEARCH'
10, 68, 99.98841292357649, 99.98841292357649, 'SEARCH'
10, 69, 99.98841292357649, 99.98841292357649, 'SEARCH'
10, 70, 99.98841292357649, 99.98841292357649, 'SEARCH'
10, 71, 99.98841292357649, 99.98841292357649, 'SEARCH'
10, 72, 99.98841292357649, 99.98841292357649, 'SEARCH'
10, 73, 99.98841292357649, 99.98841292357649, 'SEARCH'
10, 74, 99.98841292357649, 99.98841292357649, 'SEARCH'
10, 75, 99.98841292357649, 99.98841292357649, 'SEARCH'
10, 76, 99.98841292357649, 99.98841292357649, 'SEARCH'
10, 77, 99.98841292357649, 99.98841292357649, 'SEARCH'
10, 78, 99.98841292357649, 99.98841292357649, 'SEARCH'
10, 79, 99.98841292357649, 99.98841292357649, 'SEARCH'
10, 80, 99.98841292357649, 99.98841292357649, 'SEARCH'
10, 81, 99.98841292357649, 99.98841292357649, 'SEARCH'
10, 82, 99.98841292357649, 99.98841292357649, 'SEARCH'
10, 83, 99.98841292357649, 99.98841292357649, 'SEARCH'
10, 84, 99.98841292357649, 99.98841292357649, 'SEARCH'
10, 85, 99.98841292357649, 99.98841292357649, 'SEARCH'
10, 86, 99.98841292357649, 99.98841292357649, 'SEARCH'
10, 87, 99.98841292357649, 99.98841292357649, 'SEARCH'
10, 88, 99.98841292357649, 99.98841292357649, 'SEARCH'
10, 89, 99.98841292357649, 99.98841292357649, 'SEARCH'
10, 90, 99.98841292357649, 99.98841292357649, 'SEARCH'
10, 91, 99.98841292357649, 99.98841292357649, 'SEARCH'
10, 92, 99.98841292357649, 99.98841292357649, 'SEARCH'
10, 93, 99.98841292357649, 99.98841292357649, 'SEARCH'
10, 94, 99.98841292357649, 99.98841292357649, 'SEARCH'
10, 95, 99.98841292357649, 99.98841292357649, 'SEARCH'
10, 96, 99.98841292357649, 99.98841292357649, 'SEARCH'
10, 97, 99.98841292357649, 99.98841292357649, 'SEARCH'
10, 98, 99.98841292357649, 99.98841292357649, 'SEARCH'
10, 99, 99.98841292357649, 99.98841292357649, 'SEARCH'
10, 100, 99.98841292357649, 99.98841292357649, 'SEARCH'
10, 101, 99.98841292357649, 99.98841292357649, 'SEARCH'
10, 102, 99.98841292357649, 99.98841292357649, 'SEARCH'
10, 103, 99.98841292357649, 99.98841292357649, 'SEARCH'
10, 104, 99.98841292357649, 99.98841292357649, 'SEARCH'
10, 105, 99.98841292357649, 99.98841292357649, 'SEARCH'
10, 106, 99.98841292357649, 99.98841292357649, 'SEARCH'
10, 107, 99.98841292357649, 99.98841292357649, 'SEARCH'
10, 108, 99.98841292357649, 99.98841292357649, 'SEARCH'
10, 109, 99.98841292357649, 99.98841292357649, 'SEARCH'
10, 110, 99.98841292357649, 99.98841292357649, 'SEARCH'
10, 111, 99.98841292357649, 99.98841292357649, 'SEARCH'
10, 112, 99.98841292357649, 99.98841292357649, 'SEARCH'
10, 113, 99.98841292357649, 99.98841292357649, 'SEARCH'
10, 114, 99.98841292357649, 99.98841292357649, 'SEARCH'
10, 115, 99.98841292357649, 99.98841292357649, 'SEARCH'
10, 116, 99.98841292357649, 99.98841292357649, 'SEARCH'
10, 117, 99.98841292357649, 99.98841292357649, 'SEARCH'
10, 118, 99.98841292357649, 99.98841292357649, 'SEARCH'
10, 119, 99.98841292357649, 99.98841292357649, 'SEARCH'
10, 120, 99.98841292357649, 99.98841292357649, 'SEARCH'
10, 121, 99.98841292357649, 99.98841292357649, 'SEARCH'
10, 122, 99.98841292357649, 99.98841292357649, 'SEARCH'
10, 123, 99.98841292357649, 99.98841292357649, 'SEARCH'
10, 124, 99.98841292357649, 99.98841292357649, 'SEARCH'
10, 125, 99.98841292357649, 99.98841292357649, 'SEARCH'
10, 126, 99.98841292357649, 99.98841292357649, 'SEARCH'
10, 127, 99.98841292357649, 99.98841292357649, 'SEARCH'
10, 128, 99.98841292357649, 99.98841292357649, 'SEARCH'
10, 129, 99.98841292357649, 99.98841292357649, 'SEARCH'
10, 130, 99.98841292357649, 99.98841292357649, 'SEARCH'
10, 131, 99.98841292357649, 99.98841292357649, 'SEARCH'
10, 132, 99.98841292357649, 99.98841292357649, 'SEARCH'
10, 133, 99.98841292357649, 99.98841292357649, 'SEARCH'
10, 134, 99.98841292357649, 99.98841292357649, 'SEARCH'
10, 135, 99.98841292357649, 99.98841292357649, 'SEARCH'
10, 136, 99.98841292357649, 99.98841292357649, 'SEARCH'
10, 137, 99.98841292357649, 99.98841292357649, 'SEARCH'
10, 138, 99.98841292357649, 99.98841292357649, 'SEARCH'
10, 139, 99.98841292357649, 99.98841292357649, 'SEARCH'
10, 140, 99.98841292357649, 99.98841292357649, 'SEARCH'
10, 141, 99.98841292357649, 99.98841292357649, 'SEARCH'
10, 142, 99.98841292357649, 99.98841292357649, 'SEARCH'
10, 143, 99.98841292357649, 99.98841292357649, 'SEARCH'
10, 144, 99.98841292357649, 99.98841292357649, 'SEARCH'
10, 145, 99.98841292357649, 99.98841292357649, 'SEARCH'
10, 146, 99.98841292357649, 99.98841292357649, 'SEARCH'
10, 147, 99.98841292357649, 99.98841292357649, 'SEARCH'
10, 148, 99.98841292357649, 99.98841292357649, 'SEARCH'
10, 149, 99.98841292357649, 99.98841292357649, 'SEARCH'
10, 150, 99.98841292357649, 99.98841292357649, 'SEARCH'
10, 151, 99.98841292357649, 99.98841292357649, 'SEARCH'
10, 152, 99.98841292357649, 99.98841292357649, 'SEARCH'
10, 153, 99.98841292357649, 99.98841292357649, 'SEARCH'
10, 154, 99.98841292357649, 99.98841292357649, 'SEARCH'
10, 155, 99.98841292357649, 99.98841292357649, 'SEARCH'
10, 156, 99.98841292357649, 99.98841292357649, 'SEARCH'
10, 157, 99.98841292357649, 99.98841292357649, 'SEARCH'
10, 158, 99.98841292357649, 99.98841292357649, 'SEARCH'
10, 159, 99.98841292357649, 99.98841292357649, 'SEARCH'
10, 160, 99.98841292357649, 99.98841292357649, 'SEARCH'
10, 161, 99.98841292357649, 99.98841292357649, 'SEARCH'
10, 162, 99.98841292357649, 99.98841292357649, 'SEARCH'
10, 163, 99.98841292357649, 99.98841292357649, 'SEARCH'
10, 164, 99.98841292357649, 99.98841292357649, 'SEARCH'
10, 165, 99.98841292357649, 99.98841292357649, 'SEARCH'
10, 166, 99.98841292357649, 99.98841292357649, 'SEARCH'
10, 167, 99.98841292357649, 99.98841292357649, 'SEARCH'
10, 168, 99.98841292357649, 99.98841292357649, 'SEARCH'
10, 169, 99.98841292357649, 99.98841292357649, 'SEARCH'
10, 170, 99.98841292357649, 99.98841292357649, 'SEARCH'
10, 171, 99.98841292357649, 99.98841292357649, 'SEARCH'
10, 172, 99.98841292357649, 99.98841292357649, 'SEARCH'
10, 173, 99.98841292357649, 99.98841292357649, 'SEARCH'
10, 174, 99.98841292357649, 99.98841292357649, 'SEARCH'
10, 175, 99.98841292357649, 99.98841292357649, 'SEARCH'
10, 176, 99.98841292357649, 99.98841292357649, 'SEARCH'
10, 177, 99.98841292357649, 99.98841292357649, 'SEARCH'
10, 178, 99.98841292357649, 99.98841292357649, 'SEARCH'
10, 179, 99.98841292357649, 99.98841292357649, 'SEARCH'
10, 180, 99.98841292357649, 99.98841292357649, 'SEARCH'
10, 181, 99.98841292357649, 99.98841292357649, 'SEARCH'
10, 182, 99.98841292357649, 99.98841292357649, 'SEARCH'
10, 183, 99.98841292357649, 99.98841292357649, 'SEARCH'
10, 184, 99.98841292357649, 99.98841292357649, 'SEARCH'
10, 185, 99.98841292357649, 99.98841292357649, 'SEARCH'
10, 186, 99.98841292357649, 99.98841292357649, 'SEARCH'
10, 187, 99.98841292357649, 99.98841292357649, 'SEARCH'
10, 188, 99.98841292357649, 99.98841292357649, 'SEARCH'
10, 189, 99.98841292357649, 99.98841292357649, 'SEARCH'
10, 190, 99.98841292357649, 99.98841292357649, 'SEARCH'
10, 191, 99.98841292357649, 99.98841292357649, 'SEARCH'
10, 192, 99.98841292357649, 99.98841292357649, 'SEARCH'
10, 193, 99.98841292357649, 99.98841292357649, 'SEARCH'
10, 194, 99.98841292357649, 99.98841292357649, 'SEARCH'
10, 195, 99.98841292357649, 99.98841292357649, 'SEARCH'
10, 196, 99.98841292357649, 99.98841292357649, 'SEARCH'
10, 197, 99.98841292357649, 99.98841292357649, 'SEARCH'
10, 198, 99.98841292357649, 99.98841292357649, 'SEARCH'
10, 199, 99.98841292357649, 99.98841292357649, 'SEARCH'
10, 200, 99.98841292357649, 99.98841292357649, 'SEARCH'
10, 201, 99.98841292357649, 99.98841292357649, 'SEARCH'
10, 202, 99.98841292357649, 99.98841292357649, 'SEARCH'
10, 203, 99.98841292357649, 99.98841292357649, 'SEARCH'
10, 204, 99.98841292357649, 99.98841292357649, 'SEARCH'
10, 205, 99.98841292357649, 99.98841292357649, 'SEARCH'
10, 206, 99.98841292357649, 99.98841292357649, 'SEARCH'
10, 207, 99.98841292357649, 99.98841292357649, 'SEARCH'
10, 208, 99.98841292357649, 99.98841292357649, 'SEARCH'
10, 209, 99.98841292357649, 99.98841292357649, 'SEARCH'
10, 210, 99.98841292357649, 99.98841292357649, 'SEARCH'
10, 211, 99.98841292357649, 99.98841292357649, 'SEARCH'
10, 212, 99.98841292357649, 99.98841292357649, 'SEARCH'
10, 213, 99.98841292357649, 99.98841292357649, 'SEARCH'
10, 214, 99.98841292357649, 99.98841292357649, 'SEARCH'
10, 215, 99.98841292357649, 99.98841292357649, 'SEARCH'
10, 216, 99.98841292357649, 99.98841292357649, 'SEARCH'
10, 217, 99.98841292357649, 99.98841292357649, 'SEARCH'
10, 218, 99.98841292357649, 99.98841292357649, 'SEARCH'
10, 219, 99.98841292357649, 99.98841292357649, 'SEARCH'
10, 220, 99.98841292357649, 99.98841292357649, 'SEARCH'
10, 221, 99.98841292357649, 99.98841292357649, 'SEARCH'
10, 222, 99.98841292357649, 99.98841292357649, 'SEARCH'
10, 223, 99.98841292357649, 99.98841292357649, 'SEARCH'
10, 224, 99.98841292357649, 99.98841292357649, 'SEARCH'
10, 225, 99.98841292357649, 99.98841292357649, 'SEARCH'
10, 226, 99.98841292357649, 99.98841292357649, 'SEARCH'
10, 227, 99.98841292357649, 99.98841292357649, 'SEARCH'
10, 228, 99.98841292357649, 99.98841292357649, 'SEARCH'
10, 229, 99.98841292357649, 99.98841292357649, 'SEARCH'
10, 230, 99.98841292357649, 99.98841292357649, 'SEARCH'
10, 231, 99.98841292357649, 99.98841292357649, 'SEARCH'
10, 232, 99.98841292357649, 99.98841292357649, 'SEARCH'
10, 233, 99.98841292357649, 99.98841292357649, 'SEARCH'
10, 234, 99.98841292357649, 99.98841292357649, 'SEARCH'
10, 235, 99.98841292357649, 99.98841292357649, 'SEARCH'
10, 236, 99.98841292357649, 99.98841292357649, 'SEARCH'
10, 237, 99.98841292357649, 99.98841292357649, 'SEARCH'
10, 238, 99.98841292357649, 99.98841292357649, 'SEARCH'
10, 239, 99.98841292357649, 99.98841292357649, 'SEARCH'
10, 240, 99.98841292357649, 99.98841292357649, 'SEARCH'
10, 241, 99.98841292357649, 99.98841292357649, 'SEARCH'
10, 242, 99.98841292357649, 99.98841292357649, 'SEARCH'
10, 243, 99.98841292357649, 99.98841292357649, 'SEARCH'
10, 244, 99.98841292357649, 99.98841292357649, 'SEARCH'
10, 245, 99.98841292357649, 99.98841292357649, 'SEARCH'
10, 246, 99.98841292357649, 99.98841292357649, 'SEARCH'
10, 247, 99.98841292357649, 99.98841292357649, 'SEARCH'
10, 248, 99.98841292357649, 99.98841292357649, 'SEARCH'
10, 249, 99.98841292357649, 99.98841292357649, 'SEARCH'
10, 250, 99.98841292357649, 99.98841292357649, 'SEARCH'
10, 251, 99.98841292357649, 99.98841292357649, 'SEARCH'
10, 252, 99.98841292357649, 99.98841292357649, 'SEARCH'
10, 253, 99.98841292357649, 99.98841292357649, 'SEARCH'
10, 254, 99.98841292357649, 99.98841292357649, 'SEARCH'
10, 255, 99.98841292357649, 99.98841292357649, 'SEARCH'
10, 256, 99.98841292357649, 99.98841292357649, 'SEARCH'
10, 257, 99.98841292357649, 99.98841292357649, 'SEARCH'
10, 258, 99.98841292357649, 99.98841292357649, 'SEARCH'
10, 259, 99.98841292357649, 99.98841292357649, 'SEARCH'
10, 260, 99.98841292357649, 99.98841292357649, 'SEARCH'
10, 261, 99.98841292357649, 99.98841292357649, 'SEARCH'
10, 262, 99.98841292357649, 99.98841292357649, 'SEARCH'
10, 263, 99.98841292357649, 99.98841292357649, 'SEARCH'
10, 264, 99.98841292357649, 99.98841292357649, 'SEARCH'
10, 265, 99.98841292357649, 99.98841292357649, 'SEARCH'
10, 266, 99.98841292357649, 99.98841292357649, 'SEARCH'
10, 267, 99.98841292357649, 99.98841292357649, 'SEARCH'
10, 268, 99.98841292357649, 99.98841292357649, 'SEARCH'
10, 269, 99.98841292357649, 99.98841292357649, 'SEARCH'
10, 270, 99.98841292357649, 99.98841292357649, 'SEARCH'
10, 271, 99.98841292357649, 99.98841292357649, 'SEARCH'
10, 272, 99.98841292357649, 99.98841292357649, 'SEARCH'
10, 273, 99.98841292357649, 99.98841292357649, 'SEARCH'
10, 274, 99.98841292357649, 99.98841292357649, 'SEARCH'
10, 275, 99.98841292357649, 99.98841292357649, 'SEARCH'
10, 276, 99.98841292357649, 99.98841292357649, 'SEARCH'
10, 277, 99.98841292357649, 99.98841292357649, 'SEARCH'
10, 278, 99.98841292357649, 99.98841292357649, 'SEARCH'
10, 279, 99.98841292357649, 99.98841292357649, 'SEARCH'
10, 280, 99.98841292357649, 99.98841292357649, 'SEARCH'
10, 281, 99.98841292357649, 99.98841292357649, 'SEARCH'
10, 282, 99.98841292357649, 99.98841292357649, 'SEARCH'
10, 283, 99.98841292357649, 99.98841292357649, 'SEARCH'
10, 284, 99.98841292357649, 99.98841292357649, 'SEARCH'
10, 285, 99.98841292357649, 99.98841292357649, 'SEARCH'
10, 286, 99.98841292357649, 99.98841292357649, 'SEARCH'
10, 287, 99.98841292357649, 99.98841292357649, 'SEARCH'
10, 288, 99.98841292357649, 99.98841292357649, 'SEARCH'
10, 289, 99.98841292357649, 99.98841292357649, 'SEARCH'
10, 290, 99.98841292357649, 99.98841292357649, 'SEARCH'
10, 291, 99.98841292357649, 99.98841292357649, 'SEARCH'
10, 292, 99.98841292357649, 99.98841292357649, 'SEARCH'
10, 293, 99.98841292357649, 99.98841292357649, 'SEARCH'
10, 294, 99.98841292357649, 99.98841292357649, 'SEARCH'
10, 295, 99.98841292357649, 99.98841292357649, 'SEARCH'
10, 296, 99.98841292357649, 99.98841292357649, 'SEARCH'
10, 297, 99.98841292357649, 99.98841292357649, 'SEARCH'
10, 298, 99.98841292357649, 99.98841292357649, 'SEARCH'
10, 299, 99.98841292357649, 99.98841292357649, 'SEARCH'
10, 300, 99.98841292357649, 99.98841292357649, 'SEARCH'
10, 301, 99.98841292357649, 99.98841292357649, 'SEARCH'
10, 302, 99.98841292357649, 99.98841292357649, 'SEARCH'
10, 303, 99.98841292357649, 99.98841292357649, 'SEARCH'
10, 304, 99.98841292357649, 99.98841292357649, 'SEARCH'
10, 305, 99.98841292357649, 99.98841292357649, 'SEARCH'
10, 306, 99.98841292357649, 99.98841292357649, 'SEARCH'
10, 307, 99.98841292357649, 99.98841292357649, 'SEARCH'
10, 308, 99.98841292357649, 99.98841292357649, 'SEARCH'
10, 309, 99.98841292357649, 99.98841292357649, 'SEARCH'
10, 310, 99.98841292357649, 99.98841292357649, 'SEARCH'
10, 311, 99.98841292357649, 99.98841292357649, 'SEARCH'
10, 312, 99.98841292357649, 99.98841292357649, 'SEARCH'
10, 313, 99.98841292357649, 99.98841292357649, 'SEARCH'
10, 314, 99.98841292357649, 99.98841292357649, 'SEARCH'
10, 315, 99.98841292357649, 99.98841292357649, 'SEARCH'
10, 316, 99.98841292357649, 99.98841292357649, 'SEARCH'
10, 317, 99.98841292357649, 99.98841292357649, 'SEARCH'
10, 318, 99.98841292357649, 99.98841292357649, 'SEARCH'
10, 319, 99.98841292357649, 99.98841292357649, 'SEARCH'
10, 320, 99.98841292357649, 99.98841292357649, 'SEARCH'
10, 321, 99.98841292357649, 99.98841292357649, 'SEARCH'
10, 322, 99.98841292357649, 99.98841292357649, 'SEARCH'
10, 323, 99.98841292357649, 99.98841292357649, 'SEARCH'
10, 324, 99.98841292357649, 99.98841292357649, 'SEARCH'
10, 325, 99.98841292357649, 99.98841292357649, 'SEARCH'
10, 326, 99.98841292357649, 99.98841292357649, 'SEARCH'
10, 327, 99.98841292357649, 99.98841292357649, 'SEARCH'
10, 328, 99.98841292357649, 99.98841292357649, 'SEARCH'
10, 329, 99.98841292357649, 99.98841292357649, 'SEARCH'
10, 330, 99.98841292357649, 99.98841292357649, 'SEARCH'
10, 331, 99.98841292357649, 99.98841292357649, 'SEARCH'
10, 332, 99.98841292357649, 99.98841292357649, 'SEARCH'
10, 333, 99.98841292357649, 99.98841292357649, 'SEARCH'
10, 334, 99.98841292357649, 99.98841292357649, 'SEARCH'
10, 335, 99.98841292357649, 99.98841292357649, 'SEARCH'
10, 336, 99.98841292357649, 99.98841292357649, 'SEARCH'
10, 337, 99.98841292357649, 99.98841292357649, 'SEARCH'
10, 338, 99.98841292357649, 99.98841292357649, 'SEARCH'
10, 339, 99.98841292357649, 99.98841292357649, 'SEARCH'
10, 340, 99.98841292357649, 99.98841292357649, 'SEARCH'
10, 341, 99.98841292357649, 99.98841292357649, 'SEARCH'
10, 342, 99.98841292357649, 99.98841292357649, 'SEARCH'
10, 343, 99.98841292357649, 99.98841292357649, 'SEARCH'
10, 344, 99.98841292357649, 99.98841292357649, 'SEARCH'
10, 345, 99.98841292357649, 99.98841292357649, 'SEARCH'
10, 346, 99.98841292357649, 99.98841292357649, 'SEARCH'
10, 347, 99.98841292357649, 99.98841292357649, 'SEARCH'
10, 348, 99.98841292357649, 99.98841292357649, 'SEARCH'
10, 349, 99.98841292357649, 99.98841292357649, 'SEARCH'
10, 350, 99.98841292357649, 99.98841292357649, 'SEARCH'
10, 351, 99.98841292357649, 99.98841292357649, 'SEARCH'
10, 352, 99.98841292357649, 99.98841292357649, 'SEARCH'
10, 353, 99.98841292357649, 99.98841292357649, 'SEARCH'
10, 354, 99.98841292357649, 99.98841292357649, 'SEARCH'
10, 355, 99.98841292357649, 99.98841292357649, 'SEARCH'
10, 356, 99.98841292357649, 99.98841292357649, 'SEARCH'
10, 357, 99.98841292357649, 99.98841292357649, 'SEARCH'
10, 358, 99.98841292357649, 99.98841292357649, 'SEARCH'
10, 359, 99.98841292357649, 99.98841292357649, 'SEARCH'
10, 360, 99.98841292357649, 99.98841292357649, 'SEARCH'
10, 361, 99.98841292357649, 99.98841292357649, 'SEARCH'
10, 362, 99.98841292357649, 99.98841292357649, 'SEARCH'
10, 363, 99.98841292357649, 99.98841292357649, 'SEARCH'
10, 364, 99.98841292357649, 99.98841292357649, 'SEARCH'
10, 365, 99.98841292357649, 99.98841292357649, 'SEARCH'
10, 366, 99.98841292357649, 99.98841292357649, 'SEARCH'
10, 367, 99.98841292357649, 99.98841292357649, 'SEARCH'
10, 368, 99.98841292357649, 99.98841292357649, 'SEARCH'
10, 369, 99.98841292357649, 99.98841292357649, 'SEARCH'
10, 370, 99.98841292357649, 99.98841292357649, 'SEARCH'
10, 371, 99.98841292357649, 99.98841292357649, 'SEARCH'
10, 372, 99.98841292357649, 99.98841292357649, 'SEARCH'
10, 373, 99.98841292357649, 99.98841292357649, 'SEARCH'
10, 374, 99.98841292357649, 99.98841292357649, 'SEARCH'
10, 375, 99.98841292357649, 99.98841292357649, 'SEARCH'
10, 376, 99.98841292357649, 99.98841292357649, 'SEARCH'
10, 377, 100.0022974892939, 100.0022974892939, 'APPROACH-STEALTH'
10, 378, 100.16136024029402, 100.16136024029402, 'PURSUE'
10, 379, 100.38984590928679, 100.38984590928679, 'PURSUE'
10, 380, 100.61833157827957, 100.61833157827957, 'PURSUE'
10, 381, 100.63209863780163, 100.63209863780163, 'APPROACH-STEALTH'
10, 382, 100.78976338849046, 100.78976338849046, 'PURSUE'
10, 383, 100.94742813917928, 100.94742813917928, 'PURSUE'
10, 384, 100.96003394608152, 100.96003394608152, 'APPROACH-STEALTH'
10, 385, 101.18847582308202, 101.18847582308202, 'PURSUE'
10, 386, 101.41691770008251, 101.41691770008251, 'PURSUE'
10, 387, 101.42754046291756, 101.42754046291756, 'APPROACH-STEALTH'
10, 388, 101.43816322575262, 101.43816322575262, 'APPROACH-STEALTH'
10, 389, 101.66660585534538, 101.66660585534538, 'PURSUE'
10, 390, 101.89504848493814, 101.89504848493814, 'PURSUE'
10, 391, 102.04971627900692, 102.04971627900692, 'PURSUE'
10, 392, 102.27812681361061, 102.27812681361061, 'PURSUE'
10, 393, 102.50653734821431, 102.50653734821431, 'PURSUE'
10, 394, 102.5201034507838, 102.5201034507838, 'APPROACH-STEALTH'
10, 395, 102.74851818256764, 102.74851818256764, 'PURSUE'
10, 396, 102.97693291435148, 102.97693291435148, 'PURSUE'
10, 397, 102.9901242648284, 102.9901242648284, 'APPROACH-STEALTH'
10, 398, 103.21854302346452, 103.21854302346452, 'PURSUE'
10, 399, 103.44696178210064, 103.44696178210064, 'PURSUE'
10, 400, 103.45874810948955, 103.45874810948955, 'APPROACH-STEALTH'
10, 401, 103.68717018073478, 103.68717018073478, 'PURSUE'
10, 402, 103.91559225198002, 103.91559225198002, 'PURSUE'
10, 403, 104.06317536275319, 104.06317536275319, 'PURSUE'
10, 404, 104.21393019612708, 104.21393019612708, 'PURSUE'
10, 405, 104.44228030855514, 104.44228030855514, 'PURSUE'
10, 406, 104.6706304209832, 104.6706304209832, 'PURSUE'
10, 407, 104.81960112310733, 104.81960112310733, 'PURSUE'
10, 408, 105.04790848263988, 105.04790848263988, 'PURSUE'
10, 409, 105.27621584217243, 105.27621584217243, 'PURSUE'
10, 410, 105.42333653171963, 105.42333653171963, 'PURSUE'
10, 411, 105.57045722126682, 105.57045722126682, 'PURSUE'
10, 412, 105.7986222950819, 105.7986222950819, 'PURSUE'
10, 413, 106.02678736889698, 106.02678736889698, 'PURSUE'
10, 414, 106.03934346436498, 106.03934346436498, 'APPROACH-STEALTH'
10, 415, 106.05189955983298, 106.05189955983298, 'APPROACH-STEALTH'
10, 416, 106.1939691053567, 106.1939691053567, 'PURSUE'
10, 417, 106.42206792744604, 106.42206792744604, 'PURSUE'
10, 418, 106.65016674953537, 106.65016674953537, 'PURSUE'
10, 419, 106.79023641821993, 106.79023641821993, 'PURSUE'
10, 420, 106.9303060869045, 106.9303060869045, 'PURSUE'
10, 421, 107.0737159870362, 107.0737159870362, 'PURSUE'
10, 422, 107.2171258871679, 107.2171258871679, 'PURSUE'
10, 423, 107.3605357872996, 107.3605357872996, 'PURSUE'
10, 424, 107.5039456874313, 107.5039456874313, 'PURSUE'
10, 425, 107.647355587563, 107.647355587563, 'PURSUE'
10, 426, 107.7907654876947, 107.7907654876947, 'PURSUE'
10, 427, 108.01771947398514, 108.01771947398514, 'PURSUE'
10, 428, 108.24467346027558, 108.24467346027558, 'PURSUE'
10, 429, 108.38580738250843, 108.38580738250843, 'PURSUE'
10, 430, 108.52694130474129, 108.52694130474129, 'PURSUE'
10, 431, 108.75350248530467, 108.75350248530467, 'PURSUE'
10, 432, 108.98006366586804, 108.98006366586804, 'PURSUE'
10, 433, 109.11892479575702, 109.11892479575702, 'PURSUE'
10, 434, 109.34528411323669, 109.34528411323669, 'PURSUE'
10, 435, 109.57164343071635, 109.57164343071635, 'PURSUE'
10, 436, 109.5850305260522, 109.5850305260522, 'APPROACH-STEALTH'
10, 437, 109.81136572194221, 109.81136572194221, 'PURSUE'
10, 438, 110.03770091783223, 110.03770091783223, 'PURSUE'
10, 439, 110.17172661098365, 110.17172661098365, 'PURSUE'
10, 440, 110.18370164058958, 110.18370164058958, 'APPROACH-STEALTH'
10, 441, 110.1956766701955, 110.1956766701955, 'APPROACH-STEALTH'
10, 442, 110.20765169980142, 110.20765169980142, 'APPROACH-STEALTH'
10, 443, 110.43377678790745, 110.43377678790745, 'PURSUE'
10, 444, 110.65990187601348, 110.65990187601348, 'PURSUE'
10, 445, 110.78766037620173, 110.78766037620173, 'PURSUE'
10, 446, 110.9189403611077, 110.9189403611077, 'PURSUE'
10, 447, 111.14451855908872, 111.14451855908872, 'PURSUE'
10, 448, 111.37009675706975, 111.37009675706975, 'PURSUE'
10, 449, 111.49860200881969, 111.49860200881969, 'PURSUE'
10, 450, 111.62710726056963, 111.62710726056963, 'PURSUE'
10, 451, 111.75208385712165, 111.75208385712165, 'PURSUE'
10, 452, 111.97664306306373, 111.97664306306373, 'PURSUE'
10, 453, 112.20120226900582, 112.20120226900582, 'PURSUE'
10, 454, 112.32323731698327, 112.32323731698327, 'PURSUE'
10, 455, 112.4490762379757, 112.4490762379757, 'PURSUE'
10, 456, 112.67287133857423, 112.67287133857423, 'PURSUE'
10, 457, 112.89666643917275, 112.89666643917275, 'PURSUE'
10, 458, 113.01929903885025, 113.01929903885025, 'PURSUE'
10, 459, 113.13830876374604, 113.13830876374604, 'PURSUE'
10, 460, 113.36121638928155, 113.36121638928155, 'PURSUE'
10, 461, 113.58412401481706, 113.58412401481706, 'PURSUE'
10, 462, 113.70354147801856, 113.70354147801856, 'PURSUE'
10, 463, 113.92595410243244, 113.92595410243244, 'PURSUE'
10, 464, 114.14836318981797, 114.14836318981797, 'PURSUE'
10, 465, 114.16220022395103, 114.16220022395103, 'APPROACH-STEALTH'
10, 466, 114.38458092365957, 114.38458092365957, 'PURSUE'
10, 467, 114.60695800645317, 114.60695800645317, 'PURSUE'
10, 468, 114.71683381634428, 114.71683381634428, 'PURSUE'
10, 469, 114.93866182099671, 114.93866182099671, 'PURSUE'
10, 470, 115.16048350834545, 115.16048350834545, 'PURSUE'
10, 471, 115.17429851424768, 115.17429851424768, 'APPROACH-STEALTH'
10, 472, 115.39608812042908, 115.39608812042908, 'PURSUE'
10, 473, 115.61787123931923, 115.61787123931923, 'PURSUE'
10, 474, 115.72399642340316, 115.72399642340316, 'PURSUE'
10, 475, 115.94517341420666, 115.94517341420666, 'PURSUE'
10, 476, 116.16633612219653, 116.16633612219653, 'PURSUE'
10, 477, 116.26879315131205, 116.26879315131205, 'PURSUE'
10, 478, 116.48930206455178, 116.48930206455178, 'PURSUE'
10, 479, 116.7098109777915, 116.7098109777915, 'PURSUE'
10, 480, 116.80849427143905, 116.80849427143905, 'PURSUE'
10, 481, 117.0284024465639, 117.0284024465639, 'PURSUE'
10, 482, 117.24831062168876, 117.24831062168876, 'PURSUE'
10, 483, 117.3431181379031, 117.3431181379031, 'PURSUE'
10, 484, 117.43792565411745, 117.43792565411745, 'PURSUE'
10, 485, 117.53120897563895, 117.53120897563895, 'PURSUE'
10, 486, 117.62584132197838, 117.62584132197838, 'PURSUE'
10, 487, 117.72047366831782, 117.72047366831782, 'PURSUE'
10, 488, 117.81373170198093, 117.81373170198093, 'PURSUE'
10, 489, 117.90698973564403, 117.90698973564403, 'PURSUE'
10, 490, 118.00024776930714, 118.00024776930714, 'PURSUE'
10, 491, 118.01363814422386, 118.01363814422386, 'APPROACH-STEALTH'
10, 492, 118.22645025137376, 118.22645025137376, 'PURSUE'
10, 493, 118.43926235852366, 118.43926235852366, 'PURSUE'
10, 494, 118.45020745114851, 118.45020745114851, 'APPROACH-STEALTH'
10, 495, 118.46115254377337, 118.46115254377337, 'APPROACH-STEALTH'
10, 496, 118.47209763639822, 118.47209763639822, 'APPROACH-STEALTH'
10, 497, 118.48304272902307, 118.48304272902307, 'APPROACH-STEALTH'
10, 498, 118.49398782164792, 118.49398782164792, 'APPROACH-STEALTH'
10, 499, 118.50493291427277, 118.50493291427277, 'APPROACH-STEALTH'
10, 500, 118.51837920944367, 118.51837920944367, 'APPROACH-STEALTH'
10, 501, 118.53182550461456, 118.53182550461456, 'APPROACH-STEALTH'
10, 502, 118.54527179978545, 118.54527179978545, 'APPROACH-STEALTH'
10, 503, 118.55871809495635, 118.55871809495635, 'APPROACH-STEALTH'
10, 504, 118.57216439012724, 118.57216439012724, 'APPROACH-STEALTH'
10, 505, 118.58561068529814, 118.58561068529814, 'APPROACH-STEALTH'
10, 506, 118.59905698046903, 118.59905698046903, 'APPROACH-STEALTH'
10, 507, 118.61250327563992, 118.61250327563992, 'APPROACH-STEALTH'
10, 508, 118.62594957081082, 118.62594957081082, 'APPROACH-STEALTH'
10, 509, 118.63939586598171, 118.63939586598171, 'APPROACH-STEALTH'
10, 510, 118.71144668083227, 118.71144668083227, 'PURSUE'
10, 511, 118.92203314498572, 118.92203314498572, 'PURSUE'
10, 512, 118.98929370796677, 118.98929370796677, 'PURSUE'
11, 0, 100.01318882364647, 100.01318882364647, 'SEARCH'
11, 1, 100.01318882364647, 100.01318882364647, 'SEARCH'
11, 2, 100.01318882364647, 100.01318882364647, 'SEARCH'
11, 3, 100.01318882364647, 100.01318882364647, 'SEARCH'
11, 4, 100.01318882364647, 100.01318882364647, 'SEARCH'
11, 5, 100.01318882364647, 100.01318882364647, 'SEARCH'
11, 6, 100.01318882364647, 100.01318882364647, 'SEARCH'
11, 7, 100.01318882364647, 100.01318882364647, 'SEARCH'
11, 8, 100.01318882364647, 100.01318882364647, 'SEARCH'
11, 9, 100.01318882364647, 100.01318882364647, 'SEARCH'
11, 10, 100.01318882364647, 100.01318882364647, 'SEARCH'
11, 11, 100.01318882364647, 100.01318882364647, 'SEARCH'
11, 12, 100.01318882364647, 100.01318882364647, 'SEARCH'
11, 13, 100.01318882364647, 100.01318882364647, 'SEARCH'
11, 14, 100.01318882364647, 100.01318882364647, 'SEARCH'
11, 15, 100.01318882364647, 100.01318882364647, 'SEARCH'
11, 16, 100.01318882364647, 100.01318882364647, 'SEARCH'
11, 17, 100.01318882364647, 100.01318882364647, 'SEARCH'
11, 18, 100.01318882364647, 100.01318882364647, 'SEARCH'
11, 19, 100.01318882364647, 100.01318882364647, 'SEARCH'
11, 20, 100.01318882364647, 100.01318882364647, 'SEARCH'
11, 21, 100.01318882364647, 100.01318882364647, 'SEARCH'
11, 22, 100.01318882364647, 100.01318882364647, 'SEARCH'
11, 23, 100.01318882364647, 100.01318882364647, 'SEARCH'
11, 24, 100.01318882364647, 100.01318882364647, 'SEARCH'
11, 25, 100.01318882364647, 100.01318882364647, 'SEARCH'
11, 26, 100.01318882364647, 100.01318882364647, 'SEARCH'
11, 27, 100.01318882364647, 100.01318882364647, 'SEARCH'
11, 28, 100.01318882364647, 100.01318882364647, 'SEARCH'
11, 29, 100.01318882364647, 100.01318882364647, 'SEARCH'
11, 30, 100.01318882364647, 100.01318882364647, 'SEARCH'
11, 31, 100.01318882364647, 100.01318882364647, 'SEARCH'
11, 32, 100.01318882364647, 100.01318882364647, 'SEARCH'
11, 33, 100.01318882364647, 100.01318882364647, 'SEARCH'
11, 34, 100.01318882364647, 100.01318882364647, 'SEARCH'
11, 35, 100.01318882364647, 100.01318882364647, 'SEARCH'
11, 36, 100.01318882364647, 100.01318882364647, 'SEARCH'
11, 37, 100.01318882364647, 100.01318882364647, 'SEARCH'
11, 38, 100.01318882364647, 100.01318882364647, 'SEARCH'
11, 39, 100.01318882364647, 100.01318882364647, 'SEARCH'
11, 40, 100.01318882364647, 100.01318882364647, 'SEARCH'
11, 41, 100.01318882364647, 100.01318882364647, 'SEARCH'
11, 42, 100.01318882364647, 100.01318882364647, 'SEARCH'
11, 43, 100.01318882364647, 100.01318882364647, 'SEARCH'
11, 44, 100.01318882364647, 100.01318882364647, 'SEARCH'
11, 45, 100.01318882364647, 100.01318882364647, 'SEARCH'
11, 46, 100.01318882364647, 100.01318882364647, 'SEARCH'
11, 47, 100.01318882364647, 100.01318882364647, 'SEARCH'
11, 48, 100.01318882364647, 100.01318882364647, 'SEARCH'
11, 49, 100.01318882364647, 100.01318882364647, 'SEARCH'
11, 50, 100.01318882364647, 100.01318882364647, 'SEARCH'
11, 51, 100.01318882364647, 100.01318882364647, 'SEARCH'
11, 52, 100.01318882364647, 100.01318882364647, 'SEARCH'
11, 53, 100.01318882364647, 100.01318882364647, 'SEARCH'
11, 54, 100.01318882364647, 100.01318882364647, 'SEARCH'
11, 55, 100.01318882364647, 100.01318882364647, 'SEARCH'
11, 56, 100.01318882364647, 100.01318882364647, 'SEARCH'
11, 57, 100.01318882364647, 100.01318882364647, 'SEARCH'
11, 58, 100.01318882364647, 100.01318882364647, 'SEARCH'
11, 59, 100.01318882364647, 100.01318882364647, 'SEARCH'
11, 60, 100.01318882364647, 100.01318882364647, 'SEARCH'
11, 61, 100.01318882364647, 100.01318882364647, 'SEARCH'
11, 62, 100.01318882364647, 100.01318882364647, 'SEARCH'
11, 63, 100.01318882364647, 100.01318882364647, 'SEARCH'
11, 64, 100.01318882364647, 100.01318882364647, 'SEARCH'
11, 65, 100.01318882364647, 100.01318882364647, 'SEARCH'
11, 66, 100.01318882364647, 100.01318882364647, 'SEARCH'
11, 67, 100.01318882364647, 100.01318882364647, 'SEARCH'
11, 68, 100.01318882364647, 100.01318882364647, 'SEARCH'
11, 69, 100.01318882364647, 100.01318882364647, 'SEARCH'
11, 70, 100.01318882364647, 100.01318882364647, 'SEARCH'
11, 71, 100.01318882364647, 100.01318882364647, 'SEARCH'
11, 72, 100.01318882364647, 100.01318882364647, 'SEARCH'
11, 73, 100.01318882364647, 100.01318882364647, 'SEARCH'
11, 74, 100.01318882364647, 100.01318882364647, 'SEARCH'
11, 75, 100.01318882364647, 100.01318882364647, 'SEARCH'
11, 76, 100.01318882364647, 100.01318882364647, 'SEARCH'
11, 77, 100.01318882364647, 100.01318882364647, 'SEARCH'
11, 78, 100.01318882364647, 100.01318882364647, 'SEARCH'
11, 79, 100.01318882364647, 100.01318882364647, 'SEARCH'
11, 80, 100.01318882364647, 100.01318882364647, 'SEARCH'
11, 81, 100.01318882364647, 100.01318882364647, 'SEARCH'
11, 82, 100.01318882364647, 100.01318882364647, 'SEARCH'
11, 83, 100.01318882364647, 100.01318882364647, 'SEARCH'
11, 84, 100.01318882364647, 100.01318882364647, 'SEARCH'
11, 85, 100.01318882364647, 100.01318882364647, 'SEARCH'
11, 86, 100.01318882364647, 100.01318882364647, 'SEARCH'
11, 87, 100.01318882364647, 100.01318882364647, 'SEARCH'
11, 88, 100.01318882364647, 100.01318882364647, 'SEARCH'
11, 89, 100.01318882364647, 100.01318882364647, 'SEARCH'
11, 90, 100.01318882364647, 100.01318882364647, 'SEARCH'
11, 91, 100.01318882364647, 100.01318882364647, 'SEARCH'
11, 92, 100.01318882364647, 100.01318882364647, 'SEARCH'
11, 93, 100.01318882364647, 100.01318882364647, 'SEARCH'
11, 94, 100.01318882364647, 100.01318882364647, 'SEARCH'
11, 95, 100.01318882364647, 100.01318882364647, 'SEARCH'
11, 96, 100.01318882364647, 100.01318882364647, 'SEARCH'
11, 97, 100.01318882364647, 100.01318882364647, 'SEARCH'
11, 98, 100.01318882364647, 100.01318882364647, 'SEARCH'
11, 99, 100.01318882364647, 100.01318882364647, 'SEARCH'
11, 100, 100.01318882364647, 100.01318882364647, 'SEARCH'
11, 101, 100.01318882364647, 100.01318882364647, 'SEARCH'
11, 102, 100.01318882364647, 100.01318882364647, 'SEARCH'
11, 103, 100.01318882364647, 100.01318882364647, 'SEARCH'
11, 104, 100.01318882364647, 100.01318882364647, 'SEARCH'
11, 105, 100.01318882364647, 100.01318882364647, 'SEARCH'
11, 106, 100.01318882364647, 100.01318882364647, 'SEARCH'
11, 107, 100.01318882364647, 100.01318882364647, 'SEARCH'
11, 108, 100.01318882364647, 100.01318882364647, 'SEARCH'
11, 109, 100.01318882364647, 100.01318882364647, 'SEARCH'
11, 110, 100.01318882364647, 100.01318882364647, 'SEARCH'
11, 111, 100.01318882364647, 100.01318882364647, 'SEARCH'
11, 112, 100.01318882364647, 100.01318882364647, 'SEARCH'
11, 113, 100.01318882364647, 100.01318882364647, 'SEARCH'
11, 114, 100.01318882364647, 100.01318882364647, 'SEARCH'
11, 115, 100.01318882364647, 100.01318882364647, 'SEARCH'
11, 116, 100.01318882364647, 100.01318882364647, 'SEARCH'
11, 117, 100.01318882364647, 100.01318882364647, 'SEARCH'
11, 118, 100.01318882364647, 100.01318882364647, 'SEARCH'
11, 119, 100.01318882364647, 100.01318882364647, 'SEARCH'
11, 120, 100.01318882364647, 100.01318882364647, 'SEARCH'
11, 121, 100.01318882364647, 100.01318882364647, 'SEARCH'
11, 122, 100.01318882364647, 100.01318882364647, 'SEARCH'
11, 123, 100.01318882364647, 100.01318882364647, 'SEARCH'
11, 124, 100.01318882364647, 100.01318882364647, 'SEARCH'
11, 125, 100.01318882364647, 100.01318882364647, 'SEARCH'
11, 126, 100.01318882364647, 100.01318882364647, 'SEARCH'
11, 127, 100.01318882364647, 100.01318882364647, 'SEARCH'
11, 128, 100.01318882364647, 100.01318882364647, 'SEARCH'
11, 129, 100.01318882364647, 100.01318882364647, 'SEARCH'
11, 130, 100.01318882364647, 100.01318882364647, 'SEARCH'
11, 131, 100.01318882364647, 100.01318882364647, 'SEARCH'
11, 132, 100.01318882364647, 100.01318882364647, 'SEARCH'
11, 133, 100.01318882364647, 100.01318882364647, 'SEARCH'
11, 134, 100.01318882364647, 100.01318882364647, 'SEARCH'
11, 135, 100.01318882364647, 100.01318882364647, 'SEARCH'
11, 136, 100.01318882364647, 100.01318882364647, 'SEARCH'
11, 137, 100.01318882364647, 100.01318882364647, 'SEARCH'
11, 138, 100.01318882364647, 100.01318882364647, 'SEARCH'
11, 139, 100.01318882364647, 100.01318882364647, 'SEARCH'
11, 140, 100.01318882364647, 100.01318882364647, 'SEARCH'
11, 141, 100.01318882364647, 100.01318882364647, 'SEARCH'
11, 142, 100.01318882364647, 100.01318882364647, 'SEARCH'
11, 143, 100.01318882364647, 100.01318882364647, 'SEARCH'
11, 144, 100.01318882364647, 100.01318882364647, 'SEARCH'
11, 145, 100.01318882364647, 100.01318882364647, 'SEARCH'
11, 146, 100.01318882364647, 100.01318882364647, 'SEARCH'
11, 147, 100.01318882364647, 100.01318882364647, 'SEARCH'
11, 148, 100.01318882364647, 100.01318882364647, 'SEARCH'
11, 149, 100.01318882364647, 100.01318882364647, 'SEARCH'
11, 150, 100.01318882364647, 100.01318882364647, 'SEARCH'
11, 151, 100.01318882364647, 100.01318882364647, 'SEARCH'
11, 152, 100.01318882364647, 100.01318882364647, 'SEARCH'
11, 153, 100.01318882364647, 100.01318882364647, 'SEARCH'
11, 154, 100.01318882364647, 100.01318882364647, 'SEARCH'
11, 155, 100.01318882364647, 100.01318882364647, 'SEARCH'
11, 156, 100.01318882364647, 100.01318882364647, 'SEARCH'
11, 157, 100.01318882364647, 100.01318882364647, 'SEARCH'
11, 158, 100.01318882364647, 100.01318882364647, 'SEARCH'
11, 159, 100.01318882364647, 100.01318882364647, 'SEARCH'
11, 160, 100.01318882364647, 100.01318882364647, 'SEARCH'
11, 161, 100.01318882364647, 100.01318882364647, 'SEARCH'
11, 162, 100.01318882364647, 100.01318882364647, 'SEARCH'
11, 163, 100.01318882364647, 100.01318882364647, 'SEARCH'
11, 164, 100.01318882364647, 100.01318882364647, 'SEARCH'
11, 165, 100.01318882364647, 100.01318882364647, 'SEARCH'
11, 166, 100.01318882364647, 100.01318882364647, 'SEARCH'
11, 167, 100.01318882364647, 100.01318882364647, 'SEARCH'
11, 168, 100.01318882364647, 100.01318882364647, 'SEARCH'
11, 169, 100.01318882364647, 100.01318882364647, 'SEARCH'
11, 170, 100.01318882364647, 100.01318882364647, 'SEARCH'
11, 171, 100.01318882364647, 100.01318882364647, 'SEARCH'
11, 172, 100.01318882364647, 100.01318882364647, 'SEARCH'
11, 173, 100.01318882364647, 100.01318882364647, 'SEARCH'
11, 174, 100.01318882364647, 100.01318882364647, 'SEARCH'
11, 175, 100.01318882364647, 100.01318882364647, 'SEARCH'
11, 176, 100.01318882364647, 100.01318882364647, 'SEARCH'
11, 177, 100.01318882364647, 100.01318882364647, 'SEARCH'
11, 178, 100.01318882364647, 100.01318882364647, 'SEARCH'
11, 179, 100.01318882364647, 100.01318882364647, 'SEARCH'
11, 180, 100.01318882364647, 100.01318882364647, 'SEARCH'
11, 181, 100.01318882364647, 100.01318882364647, 'SEARCH'
11, 182, 100.01318882364647, 100.01318882364647, 'SEARCH'
11, 183, 100.01318882364647, 100.01318882364647, 'SEARCH'
11, 184, 100.01318882364647, 100.01318882364647, 'SEARCH'
11, 185, 100.01318882364647, 100.01318882364647, 'SEARCH'
11, 186, 100.01318882364647, 100.01318882364647, 'SEARCH'
11, 187, 100.01318882364647, 100.01318882364647, 'SEARCH'
11, 188, 100.01318882364647, 100.01318882364647, 'SEARCH'
11, 189, 100.01318882364647, 100.01318882364647, 'SEARCH'
11, 190, 100.01318882364647, 100.01318882364647, 'SEARCH'
11, 191, 100.01318882364647, 100.01318882364647, 'SEARCH'
11, 192, 100.01318882364647, 100.01318882364647, 'SEARCH'
11, 193, 100.01318882364647, 100.01318882364647, 'SEARCH'
11, 194, 100.01318882364647, 100.01318882364647, 'SEARCH'
11, 195, 100.01318882364647, 100.01318882364647, 'SEARCH'
11, 196, 100.01318882364647, 100.01318882364647, 'SEARCH'
11, 197, 100.01318882364647, 100.01318882364647, 'SEARCH'
11, 198, 100.01318882364647, 100.01318882364647, 'SEARCH'
11, 199, 100.01318882364647, 100.01318882364647, 'SEARCH'
11, 200, 100.01318882364647, 100.01318882364647, 'SEARCH'
11, 201, 100.01318882364647, 100.01318882364647, 'SEARCH'
11, 202, 100.01318882364647, 100.01318882364647, 'SEARCH'
11, 203, 100.01318882364647, 100.01318882364647, 'SEARCH'
11, 204, 100.01318882364647, 100.01318882364647, 'SEARCH'
11, 205, 100.01318882364647, 100.01318882364647, 'SEARCH'
11, 206, 100.01318882364647, 100.01318882364647, 'SEARCH'
11, 207, 100.01318882364647, 100.01318882364647, 'SEARCH'
11, 208, 100.01318882364647, 100.01318882364647, 'SEARCH'
11, 209, 100.01318882364647, 100.01318882364647, 'SEARCH'
11, 210, 100.01318882364647, 100.01318882364647, 'SEARCH'
11, 211, 100.01318882364647, 100.01318882364647, 'SEARCH'
11, 212, 100.01318882364647, 100.01318882364647, 'SEARCH'
11, 213, 100.01318882364647, 100.01318882364647, 'SEARCH'
11, 214, 100.01318882364647, 100.01318882364647, 'SEARCH'
11, 215, 100.01318882364647, 100.01318882364647, 'SEARCH'
11, 216, 100.01318882364647, 100.01318882364647, 'SEARCH'
11, 217, 100.01318882364647, 100.01318882364647, 'SEARCH'
11, 218, 100.01318882364647, 100.01318882364647, 'SEARCH'
11, 219, 100.01318882364647, 100.01318882364647, 'SEARCH'
11, 220, 100.01318882364647, 100.01318882364647, 'SEARCH'
11, 221, 100.01318882364647, 100.01318882364647, 'SEARCH'
11, 222, 100.01318882364647, 100.01318882364647, 'SEARCH'
11, 223, 100.01318882364647, 100.01318882364647, 'SEARCH'
11, 224, 100.01318882364647, 100.01318882364647, 'SEARCH'
11, 225, 100.01318882364647, 100.01318882364647, 'SEARCH'
11, 226, 100.01318882364647, 100.01318882364647, 'SEARCH'
11, 227, 100.01318882364647, 100.01318882364647, 'SEARCH'
11, 228, 100.01318882364647, 100.01318882364647, 'SEARCH'
11, 229, 100.01318882364647, 100.01318882364647, 'SEARCH'
11, 230, 100.01318882364647, 100.01318882364647, 'SEARCH'
11, 231, 100.01318882364647, 100.01318882364647, 'SEARCH'
11, 232, 100.01318882364647, 100.01318882364647, 'SEARCH'
11, 233, 100.01318882364647, 100.01318882364647, 'SEARCH'
11, 234, 100.01318882364647, 100.01318882364647, 'SEARCH'
11, 235, 100.01318882364647, 100.01318882364647, 'SEARCH'
11, 236, 100.01318882364647, 100.01318882364647, 'SEARCH'
11, 237, 100.01318882364647, 100.01318882364647, 'SEARCH'
11, 238, 100.01318882364647, 100.01318882364647, 'SEARCH'
11, 239, 100.01318882364647, 100.01318882364647, 'SEARCH'
11, 240, 100.01318882364647, 100.01318882364647, 'SEARCH'
11, 241, 100.01318882364647, 100.01318882364647, 'SEARCH'
11, 242, 100.01318882364647, 100.01318882364647, 'SEARCH'
11, 243, 100.01318882364647, 100.01318882364647, 'SEARCH'
11, 244, 100.01318882364647, 100.01318882364647, 'SEARCH'
11, 245, 100.01318882364647, 100.01318882364647, 'SEARCH'
11, 246, 100.01318882364647, 100.01318882364647, 'SEARCH'
11, 247, 100.01318882364647, 100.01318882364647, 'SEARCH'
11, 248, 100.01318882364647, 100.01318882364647, 'SEARCH'
11, 249, 100.01318882364647, 100.01318882364647, 'SEARCH'
11, 250, 100.01318882364647, 100.01318882364647, 'SEARCH'
11, 251, 100.01318882364647, 100.01318882364647, 'SEARCH'
11, 252, 100.01318882364647, 100.01318882364647, 'SEARCH'
11, 253, 100.01318882364647, 100.01318882364647, 'SEARCH'
11, 254, 100.01318882364647, 100.01318882364647, 'SEARCH'
11, 255, 100.01318882364647, 100.01318882364647, 'SEARCH'
11, 256, 100.01318882364647, 100.01318882364647, 'SEARCH'
11, 257, 100.01318882364647, 100.01318882364647, 'SEARCH'
11, 258, 100.01318882364647, 100.01318882364647, 'SEARCH'
11, 259, 100.01318882364647, 100.01318882364647, 'SEARCH'
11, 260, 100.01318882364647, 100.01318882364647, 'SEARCH'
11, 261, 100.01318882364647, 100.01318882364647, 'SEARCH'
11, 262, 100.01318882364647, 100.01318882364647, 'SEARCH'
11, 263, 100.01318882364647, 100.01318882364647, 'SEARCH'
11, 264, 100.01318882364647, 100.01318882364647, 'SEARCH'
11, 265, 100.01318882364647, 100.01318882364647, 'SEARCH'
11, 266, 100.01318882364647, 100.01318882364647, 'SEARCH'
11, 267, 100.01318882364647, 100.01318882364647, 'SEARCH'
11, 268, 100.01318882364647, 100.01318882364647, 'SEARCH'
11, 269, 100.01318882364647, 100.01318882364647, 'SEARCH'
11, 270, 100.01318882364647, 100.01318882364647, 'SEARCH'
11, 271, 100.01318882364647, 100.01318882364647, 'SEARCH'
11, 272, 100.01318882364647, 100.01318882364647, 'SEARCH'
11, 273, 100.01318882364647, 100.01318882364647, 'SEARCH'
11, 274, 100.01318882364647, 100.01318882364647, 'SEARCH'
11, 275, 100.01318882364647, 100.01318882364647, 'SEARCH'
11, 276, 100.01318882364647, 100.01318882364647, 'SEARCH'
11, 277, 100.01318882364647, 100.01318882364647, 'SEARCH'
11, 278, 100.01318882364647, 100.01318882364647, 'SEARCH'
11, 279, 100.01318882364647, 100.01318882364647, 'SEARCH'
11, 280, 100.01318882364647, 100.01318882364647, 'SEARCH'
11, 281, 100.01318882364647, 100.01318882364647, 'SEARCH'
11, 282, 100.01318882364647, 100.01318882364647, 'SEARCH'
11, 283, 100.01318882364647, 100.01318882364647, 'SEARCH'
11, 284, 100.01318882364647, 100.01318882364647, 'SEARCH'
11, 285, 100.01318882364647, 100.01318882364647, 'SEARCH'
11, 286, 100.01318882364647, 100.01318882364647, 'SEARCH'
11, 287, 100.01318882364647, 100.01318882364647, 'SEARCH'
11, 288, 100.01318882364647, 100.01318882364647, 'SEARCH'
11, 289, 100.01318882364647, 100.01318882364647, 'SEARCH'
11, 290, 100.01318882364647, 100.01318882364647, 'SEARCH'
11, 291, 100.01318882364647, 100.01318882364647, 'SEARCH'
11, 292, 100.01318882364647, 100.01318882364647, 'SEARCH'
11, 293, 100.01318882364647, 100.01318882364647, 'SEARCH'
11, 294, 100.01318882364647, 100.01318882364647, 'SEARCH'
11, 295, 100.01318882364647, 100.01318882364647, 'SEARCH'
11, 296, 100.01318882364647, 100.01318882364647, 'SEARCH'
11, 297, 100.01318882364647, 100.01318882364647, 'SEARCH'
11, 298, 100.01318882364647, 100.01318882364647, 'SEARCH'
11, 299, 100.01318882364647, 100.01318882364647, 'SEARCH'
11, 300, 100.01318882364647, 100.01318882364647, 'SEARCH'
11, 301, 100.01318882364647, 100.01318882364647, 'SEARCH'
11, 302, 100.01318882364647, 100.01318882364647, 'SEARCH'
11, 303, 100.01318882364647, 100.01318882364647, 'SEARCH'
11, 304, 100.01318882364647, 100.01318882364647, 'SEARCH'
11, 305, 100.01318882364647, 100.01318882364647, 'SEARCH'
11, 306, 100.01318882364647, 100.01318882364647, 'SEARCH'
11, 307, 100.01318882364647, 100.01318882364647, 'SEARCH'
11, 308, 100.01318882364647, 100.01318882364647, 'SEARCH'
11, 309, 100.01318882364647, 100.01318882364647, 'SEARCH'
11, 310, 100.01318882364647, 100.01318882364647, 'SEARCH'
11, 311, 100.01318882364647, 100.01318882364647, 'SEARCH'
11, 312, 100.01318882364647, 100.01318882364647, 'SEARCH'
11, 313, 100.01318882364647, 100.01318882364647, 'SEARCH'
11, 314, 100.01318882364647, 100.01318882364647, 'SEARCH'
11, 315, 100.01318882364647, 100.01318882364647, 'SEARCH'
11, 316, 100.01318882364647, 100.01318882364647, 'SEARCH'
11, 317, 100.01318882364647, 100.01318882364647, 'SEARCH'
11, 318, 100.01318882364647, 100.01318882364647, 'SEARCH'
11, 319, 100.01318882364647, 100.01318882364647, 'SEARCH'
11, 320, 100.01318882364647, 100.01318882364647, 'SEARCH'
11, 321, 100.01318882364647, 100.01318882364647, 'SEARCH'
11, 322, 100.01318882364647, 100.01318882364647, 'SEARCH'
11, 323, 100.01318882364647, 100.01318882364647, 'SEARCH'
11, 324, 100.01318882364647, 100.01318882364647, 'SEARCH'
11, 325, 100.01318882364647, 100.01318882364647, 'SEARCH'
11, 326, 100.01318882364647, 100.01318882364647, 'SEARCH'
11, 327, 100.01318882364647, 100.01318882364647, 'SEARCH'
11, 328, 100.01318882364647, 100.01318882364647, 'SEARCH'
11, 329, 100.01318882364647, 100.01318882364647, 'SEARCH'
11, 330, 100.01318882364647, 100.01318882364647, 'SEARCH'
11, 331, 100.01318882364647, 100.01318882364647, 'SEARCH'
11, 332, 100.01318882364647, 100.01318882364647, 'SEARCH'
11, 333, 100.01318882364647, 100.01318882364647, 'SEARCH'
11, 334, 100.01318882364647, 100.01318882364647, 'SEARCH'
11, 335, 100.01318882364647, 100.01318882364647, 'SEARCH'
11, 336, 100.01318882364647, 100.01318882364647, 'SEARCH'
11, 337, 100.01318882364647, 100.01318882364647, 'SEARCH'
11, 338, 100.01318882364647, 100.01318882364647, 'SEARCH'
11, 339, 100.01318882364647, 100.01318882364647, 'SEARCH'
11, 340, 100.01318882364647, 100.01318882364647, 'SEARCH'
11, 341, 100.01318882364647, 100.01318882364647, 'SEARCH'
11, 342, 100.01318882364647, 100.01318882364647, 'SEARCH'
11, 343, 100.01318882364647, 100.01318882364647, 'SEARCH'
11, 344, 100.01318882364647, 100.01318882364647, 'SEARCH'
11, 345, 100.01318882364647, 100.01318882364647, 'SEARCH'
11, 346, 100.01318882364647, 100.01318882364647, 'SEARCH'
11, 347, 100.01318882364647, 100.01318882364647, 'SEARCH'
11, 348, 100.01318882364647, 100.01318882364647, 'SEARCH'
11, 349, 100.01318882364647, 100.01318882364647, 'SEARCH'
11, 350, 100.01318882364647, 100.01318882364647, 'SEARCH'
11, 351, 100.01318882364647, 100.01318882364647, 'SEARCH'
11, 352, 100.01318882364647, 100.01318882364647, 'SEARCH'
11, 353, 100.01318882364647, 100.01318882364647, 'SEARCH'
11, 354, 100.01318882364647, 100.01318882364647, 'SEARCH'
11, 355, 100.01318882364647, 100.01318882364647, 'SEARCH'
11, 356, 100.01318882364647, 100.01318882364647, 'SEARCH'
11, 357, 100.01318882364647, 100.01318882364647, 'SEARCH'
11, 358, 100.01318882364647, 100.01318882364647, 'SEARCH'
11, 359, 100.01318882364647, 100.01318882364647, 'SEARCH'
11, 360, 100.01318882364647, 100.01318882364647, 'SEARCH'
11, 361, 100.01318882364647, 100.01318882364647, 'SEARCH'
11, 362, 100.01318882364647, 100.01318882364647, 'SEARCH'
11, 363, 100.01318882364647, 100.01318882364647, 'SEARCH'
11, 364, 100.01318882364647, 100.01318882364647, 'SEARCH'
11, 365, 100.01318882364647, 100.01318882364647, 'SEARCH'
11, 366, 100.01318882364647, 100.01318882364647, 'SEARCH'
11, 367, 100.01318882364647, 100.01318882364647, 'SEARCH'
11, 368, 100.01318882364647, 100.01318882364647, 'SEARCH'
11, 369, 100.01318882364647, 100.01318882364647, 'SEARCH'
11, 370, 100.01318882364647, 100.01318882364647, 'SEARCH'
11, 371, 100.01318882364647, 100.01318882364647, 'SEARCH'
11, 372, 100.01318882364647, 100.01318882364647, 'SEARCH'
11, 373, 100.01318882364647, 100.01318882364647, 'SEARCH'
11, 374, 100.01318882364647, 100.01318882364647, 'SEARCH'
11, 375, 100.01318882364647, 100.01318882364647, 'SEARCH'
11, 376, 100.01318882364647, 100.01318882364647, 'SEARCH'
11, 377, 100.01318882364647, 100.01318882364647, 'APPROACH-STEALTH'
11, 378, 100.01318882364647, 100.01318882364647, 'APPROACH-STEALTH'
11, 379, 100.01318882364647, 100.01318882364647, 'APPROACH-STEALTH'
11, 380, 100.01318882364647, 100.01318882364647, 'APPROACH-STEALTH'
11, 381, 100.01318882364647, 100.01318882364647, 'APPROACH-STEALTH'
11, 382, 100.01318882364647, 100.01318882364647, 'APPROACH-STEALTH'
11, 383, 100.01318882364647, 100.01318882364647, 'APPROACH-STEALTH'
11, 384, 100.01318882364647, 100.01318882364647, 'APPROACH-STEALTH'
11, 385, 100.01318882364647, 100.01318882364647, 'APPROACH-STEALTH'
11, 386, 100.01318882364647, 100.01318882364647, 'APPROACH-STEALTH'
11, 387, 100.01318882364647, 100.01318882364647, 'APPROACH-STEALTH'
11, 388, 100.01318882364647, 100.01318882364647, 'APPROACH-STEALTH'
11, 389, 100.01318882364647, 100.01318882364647, 'APPROACH-STEALTH'
11, 390, 100.01318882364647, 100.01318882364647, 'APPROACH-STEALTH'
11, 391, 100.01318882364647, 100.01318882364647, 'APPROACH-STEALTH'
11, 392, 100.01318882364647, 100.01318882364647, 'APPROACH-STEALTH'
11, 393, 100.01318882364647, 100.01318882364647, 'APPROACH-STEALTH'
11, 394, 100.01318882364647, 100.01318882364647, 'APPROACH-STEALTH'
11, 395, 100.01318882364647, 100.01318882364647, 'APPROACH-STEALTH'
11, 396, 100.01318882364647, 100.01318882364647, 'APPROACH-STEALTH'
11, 397, 100.01318882364647, 100.01318882364647, 'APPROACH-STEALTH'
11, 398, 100.01318882364647, 100.01318882364647, 'APPROACH-STEALTH'
11, 399, 100.01318882364647, 100.01318882364647, 'APPROACH-STEALTH'
11, 400, 100.01318882364647, 100.01318882364647, 'APPROACH-STEALTH'
11, 401, 100.01318882364647, 100.01318882364647, 'APPROACH-STEALTH'
11, 402, 100.01318882364647, 100.01318882364647, 'APPROACH-STEALTH'
11, 403, 100.01318882364647, 100.01318882364647, 'APPROACH-STEALTH'
11, 404, 100.01318882364647, 100.01318882364647, 'APPROACH-STEALTH'
11, 405, 100.01318882364647, 100.01318882364647, 'APPROACH-STEALTH'
11, 406, 100.01318882364647, 100.01318882364647, 'APPROACH-STEALTH'
11, 407, 100.01318882364647, 100.01318882364647, 'APPROACH-STEALTH'
11, 408, 100.01318882364647, 100.01318882364647, 'APPROACH-STEALTH'
11, 409, 100.01318882364647, 100.01318882364647, 'APPROACH-STEALTH'
11, 410, 100.01318882364647, 100.01318882364647, 'APPROACH-STEALTH'
11, 411, 100.01318882364647, 100.01318882364647, 'APPROACH-STEALTH'
11, 412, 100.01318882364647, 100.01318882364647, 'APPROACH-STEALTH'
11, 413, 100.01318882364647, 100.01318882364647, 'APPROACH-STEALTH'
11, 414, 100.01318882364647, 100.01318882364647, 'APPROACH-STEALTH'
11, 415, 100.01318882364647, 100.01318882364647, 'APPROACH-STEALTH'
11, 416, 100.01318882364647, 100.01318882364647, 'APPROACH-STEALTH'
11, 417, 100.01318882364647, 100.01318882364647, 'APPROACH-STEALTH'
11, 418, 100.01318882364647, 100.01318882364647, 'APPROACH-STEALTH'
11, 419, 100.01318882364647, 100.01318882364647, 'APPROACH-STEALTH'
11, 420, 100.01318882364647, 100.01318882364647, 'APPROACH-STEALTH'
11, 421, 100.01318882364647, 100.01318882364647, 'APPROACH-STEALTH'
11, 422, 100.01318882364647, 100.01318882364647, 'APPROACH-STEALTH'
11, 423, 100.01318882364647, 100.01318882364647, 'APPROACH-STEALTH'
11, 424, 100.01318882364647, 100.01318882364647, 'APPROACH-STEALTH'
11, 425, 100.01318882364647, 100.01318882364647, 'APPROACH-STEALTH'
11, 426, 100.01318882364647, 100.01318882364647, 'APPROACH-STEALTH'
11, 427, 100.01318882364647, 100.01318882364647, 'APPROACH-STEALTH'
11, 428, 100.01318882364647, 100.01318882364647, 'APPROACH-STEALTH'
11, 429, 100.01318882364647, 100.01318882364647, 'APPROACH-STEALTH'
11, 430, 100.01318882364647, 100.01318882364647, 'APPROACH-STEALTH'
11, 431, 100.01318882364647, 100.01318882364647, 'APPROACH-STEALTH'
11, 432, 100.01318882364647, 100.01318882364647, 'APPROACH-STEALTH'
11, 433, 100.01318882364647, 100.01318882364647, 'APPROACH-STEALTH'
11, 434, 100.01318882364647, 100.01318882364647, 'APPROACH-STEALTH'
11, 435, 100.01318882364647, 100.01318882364647, 'APPROACH-STEALTH'
11, 436, 100.01318882364647, 100.01318882364647, 'APPROACH-STEALTH'
11, 437, 100.83007099088961, 100.83007099088961, 'PURSUE'
11, 438, 101.64695315813275, 101.64695315813275, 'PURSUE'
11, 439, 101.66084162111541, 101.66084162111541, 'APPROACH-STEALTH'
11, 440, 102.47772749137287, 102.47772749137287, 'PURSUE'
11, 441, 103.29461336163034, 103.29461336163034, 'PURSUE'
11, 442, 103.3085021660669, 103.3085021660669, 'APPROACH-STEALTH'
11, 443, 104.12539314216254, 104.12539314216254, 'PURSUE'
11, 444, 104.94228342634531, 104.94228342634531, 'PURSUE'
11, 445, 105.46170206736342, 105.46170206736342, 'PURSUE'
11, 446, 105.98112070838152, 105.98112070838152, 'PURSUE'
11, 447, 106.79704932305928, 106.79704932305928, 'PURSUE'
11, 448, 107.61297375266537, 107.61297375266537, 'PURSUE'
11, 449, 108.10626923366931, 108.10626923366931, 'PURSUE'
11, 450, 108.59953529300714, 108.59953529300714, 'PURSUE'
11, 451, 109.08025610196184, 109.08025610196184, 'PURSUE'
11, 452, 109.89085534987049, 109.89085534987049, 'PURSUE'
11, 453, 110.70145459777915, 110.70145459777915, 'PURSUE'
11, 454, 111.1502932015173, 111.1502932015173, 'PURSUE'
11, 455, 111.61261260993234, 111.61261260993234, 'PURSUE'
11, 456, 112.41594890279313, 112.41594890279313, 'PURSUE'
11, 457, 113.21928519565392, 113.21928519565392, 'PURSUE'
11, 458, 113.64281741742346, 113.64281741742346, 'PURSUE'
11, 459, 114.05396236456866, 114.05396236456866, 'PURSUE'
11, 460, 114.84555405274153, 114.84555405274153, 'PURSUE'
11, 461, 115.6371457409144, 115.6371457409144, 'PURSUE'
11, 462, 116.01601836604773, 116.01601836604773, 'PURSUE'
11, 463, 116.79940860182685, 116.79940860182685, 'PURSUE'
11, 464, 117.58279883760598, 117.58279883760598, 'PURSUE'
11, 465, 117.59648043308007, 117.59648043308007, 'APPROACH-STEALTH'
11, 466, 118.37973956010234, 118.37973956010234, 'PURSUE'
11, 467, 119.1629986871246, 119.1629986871246, 'PURSUE'
11, 468, 119.43649640286948, 119.43649640286948, 'PURSUE'
11, 469, 120.20824591297945, 120.20824591297945, 'PURSUE'
11, 470, 120.97999542308942, 120.97999542308942, 'PURSUE'
11, 471, 120.99388277251032, 120.99388277251032, 'APPROACH-STEALTH'
11, 472, 121.76538822148446, 121.76538822148446, 'PURSUE'
11, 473, 122.5368936704586, 122.5368936704586, 'PURSUE'
11, 474, 122.70386892662675, 122.70386892662675, 'PURSUE'
11, 475, 122.87084418279491, 122.87084418279491, 'PURSUE'
11, 476, 123.03781943896308, 123.03781943896308, 'PURSUE'
11, 477, 123.20479469513124, 123.20479469513124, 'PURSUE'
11, 478, 123.3717699512994, 123.3717699512994, 'PURSUE'
11, 479, 123.53874520746757, 123.53874520746757, 'PURSUE'
11, 480, 123.70572046363573, 123.70572046363573, 'PURSUE'
11, 481, 123.8726957198039, 123.8726957198039, 'PURSUE'
11, 482, 124.03967097597206, 124.03967097597206, 'PURSUE'
11, 483, 124.20664623214023, 124.20664623214023, 'PURSUE'
11, 484, 124.37362148830839, 124.37362148830839, 'PURSUE'
11, 485, 124.548465591724, 124.548465591724, 'PURSUE'
11, 486, 124.7137365142688, 124.7137365142688, 'PURSUE'
11, 487, 124.87900743681361, 124.87900743681361, 'PURSUE'
11, 488, 125.0550508948528, 125.0550508948528, 'PURSUE'
11, 489, 125.23109435289199, 125.23109435289199, 'PURSUE'
11, 490, 125.40713781093118, 125.40713781093118, 'PURSUE'
11, 491, 125.58318126897036, 125.58318126897036, 'PURSUE'
11, 492, 125.74699962229269, 125.74699962229269, 'PURSUE'
11, 493, 125.91081797561502, 125.91081797561502, 'PURSUE'
11, 494, 126.07463632893734, 126.07463632893734, 'PURSUE'
11, 495, 126.23845468225967, 126.23845468225967, 'PURSUE'
11, 496, 126.402273035582, 126.402273035582, 'PURSUE'
11, 497, 126.56609138890434, 126.56609138890434, 'PURSUE'
11, 498, 126.72990974222668, 126.72990974222668, 'PURSUE'
11, 499, 126.89372809554902, 126.89372809554902, 'PURSUE'
11, 500, 127.05754644887136, 127.05754644887136, 'PURSUE'
11, 501, 127.2213648021937, 127.2213648021937, 'PURSUE'
11, 502, 127.38518315551605, 127.38518315551605, 'PURSUE'
11, 503, 127.60330951910242, 127.60330951910242, 'PURSUE'
11, 504, 127.8214358826888, 127.8214358826888, 'PURSUE'
11, 505, 128.03956224627518, 128.03956224627518, 'PURSUE'
11, 506, 128.25768860986156, 128.25768860986156, 'PURSUE'
11, 507, 128.25768860986156, 128.25768860986156, 'SHOOT'
11, 508, 128.4758149734479, 128.4758149734479, 'PURSUE'
11, 509, 128.4758149734479, 128.4758149734479, 'SHOOT'
11, 510, 128.6939413370343, 128.6939413370343, 'PURSUE'
11, 511, 128.6939413370343, 128.6939413370343, 'SHOOT'
11, 512, 128.91206770062067, 128.91206770062067, 'PURSUE'
